<?xml version="1.0" encoding="UTF-8"?>
<beans xmlns="http://www.springframework.org/schema/beans"
       xmlns:xsi="http://www.w3.org/2001/XMLSchema-instance"
       xsi:schemaLocation="http://www.springframework.org/schema/beans http://www.springframework.org/schema/beans/spring-beans.xsd http://www.springframework.org/schema/context http://www.springframework.org/schema/context/spring-context.xsd http://www.springframework.org/schema/aop http://www.springframework.org/schema/aop/spring-aop.xsd http://www.springframework.org/schema/mvc http://www.springframework.org/schema/mvc/spring-mvc.xsd">

    <!-- 数据源配置, 使用Tomcat JDBC连接池 -->
    <bean id="dataSource" class="org.apache.tomcat.jdbc.pool.DataSource" destroy-method="close">
        <!-- Connection Info -->
        <property name="driverClassName" value="${jdbc.driver}" />
        <property name="url" value="${jdbc.url}" />
        <property name="username" value="${jdbc.username}" />
        <property name="password" value="${jdbc.password}" />

        <!-- Connection Pooling Info -->
        <property name="maxActive" value="10" />
        <property name="maxIdle" value="50" />
        <property name="minIdle" value="0" />
        <property name="defaultAutoCommit" value="false" />
    </bean>

    <!-- MyBatis配置 -->
    <bean id="sqlSessionFactory" class="org.mybatis.spring.SqlSessionFactoryBean">
        <property name="dataSource" ref="dataSource" />
        <!-- 自动扫描entity目录, 省掉Configuration.xml里的手工配置 -->
        <property name="typeAliasesPackage" value="com.hjf.boot.demo.boot_mybatis.domain" />
        <!-- 显式指定Mapper文件位置 -->
        <property name="mapperLocations" value="classpath:/mybatis/*Mapper.xml" />
    </bean>
    <!-- 扫描basePackage下所有以@MyBatisRepository标识的 接口-->
    <bean class="org.mybatis.spring.mapper.MapperScannerConfigurer">
        <property name="basePackage" value="com.hjf.boot.demo.boot_mybatis" />
        <property name="annotationClass" value="com.hjf.boot.demo.boot_mybatis.dao.Mapper"/>
    </bean>
</beans>