<?xml version="1.0" encoding="UTF-8"?>
<beans xmlns="http://www.springframework.org/schema/beans" xmlns:xsi="http://www.w3.org/2001/XMLSchema-instance"
	   xmlns:context="http://www.springframework.org/schema/context"
	   xmlns:jdbc="http://www.springframework.org/schema/jdbc" xmlns:tx="http://www.springframework.org/schema/tx"
	   xmlns:aop="http://www.springframework.org/schema/aop"
	   xsi:schemaLocation="http://www.springframework.org/schema/beans http://www.springframework.org/schema/beans/spring-beans-4.0.xsd
		http://www.springframework.org/schema/context http://www.springframework.org/schema/context/spring-context-4.0.xsd
		http://www.springframework.org/schema/jdbc http://www.springframework.org/schema/jdbc/spring-jdbc-4.0.xsd http://www.springframework.org/schema/aop http://www.springframework.org/schema/aop/spring-aop.xsd"
>

	<!-- 使用annotation自动注册bean-->
	<context:component-scan base-package="com.hjf.boot.demo.boot_mybatis_mvc">
		<context:exclude-filter type="annotation" expression="org.springframework.stereotype.Controller"/>
		<context:exclude-filter type="annotation" expression="org.springframework.web.bind.annotation.ControllerAdvice"/>
	</context:component-scan>
	<!--<aop:aspectj-autoproxy proxy-target-class="true" />-->

	<!-- 配置读取properties属性文件 -->
	<bean class="org.springframework.beans.factory.config.PropertyPlaceholderConfigurer">
	    <property name="fileEncoding" value="UTF-8" />
		<property name="ignoreUnresolvablePlaceholders" value="true" />
		<property name="locations">
			<list>
				<value>classpath:/config/app.properties</value>
			</list>
		</property>
	</bean>

	<!-- 分开标示特定的bean  -->
    <import resource="classpath:/spring/app-config.xml" />

   	<!-- MyBatis配置 -->
	<bean id="sqlSessionFactory" class="org.mybatis.spring.SqlSessionFactoryBean">
		<property name="dataSource" ref="dataSource" />
		<!-- 自动扫描entity目录, 省掉Configuration.xml里的手工配置 -->
		<property name="typeAliasesPackage" value="com.hjf.boot.demo.boot_mybatis_mvc.domain" />
		<!-- 显式指定Mapper文件位置 -->
		<property name="mapperLocations" value="classpath:/mybatis/*Mapper.xml" />
	</bean>
	<!-- 扫描basePackage下所有定义为 @Mapper 的接口-->
	<bean class="org.mybatis.spring.mapper.MapperScannerConfigurer">
		<property name="basePackage" value="com.hjf.boot.demo.boot_mybatis_mvc" />
		<property name="annotationClass" value="com.hjf.boot.demo.boot_mybatis_mvc.dao.Mapper"/>
	</bean>

	<!-- 使用annotation定义事务 -->
	<!--<tx:annotation-driven transaction-manager="transactionManager" proxy-target-class="true" />-->




	<!-- 生产环境 -->
 	<beans profile="production">
 		<context:property-placeholder ignore-unresolvable="true"
			location="classpath*:/application.properties" />	
		
		<!-- 数据源配置, 使用Tomcat JDBC连接池 -->
		<bean id="dataSource" class="org.apache.tomcat.jdbc.pool.DataSource" destroy-method="close">
			<!-- Connection Info -->
			<property name="driverClassName" value="${jdbc.driver}" />
			<property name="url" value="${jdbc.url}" />
			<property name="username" value="${jdbc.username}" />
			<property name="password" value="${jdbc.password}" />
		
			<!-- Connection Pooling Info -->
			<property name="maxActive" value="${jdbc.pool.maxActive}" />
			<property name="maxIdle" value="${jdbc.pool.maxIdle}" />
			<property name="minIdle" value="0" />
			<property name="defaultAutoCommit" value="false" />
		</bean>
		
		<!-- 数据源配置,使用应用服务器的数据库连接池 -->
		<!--<jee:jndi-lookup id="dataSource" jndi-name="java:comp/env/jdbc/ExampleDB" />-->
	</beans>
	
	<!-- local development环境 -->
	<beans profile="development">
		<context:property-placeholder ignore-resource-not-found="true"
			location="classpath*:/application.properties,
          			  classpath*:/application.development.properties" />	

		<!-- Tomcat JDBC连接池 -->
		<bean id="dataSource" class="org.apache.tomcat.jdbc.pool.DataSource" destroy-method="close">
			<property name="driverClassName" value="${jdbc.driver}" />
			<property name="url" value="${jdbc.url}" />
			<property name="username" value="${jdbc.username}" />
			<property name="password" value="${jdbc.password}" />
			<property name="defaultAutoCommit" value="false" />
		</bean>
	</beans>
	
	<!-- unit test环境 -->
	<beans profile="test">
	 	<context:property-placeholder ignore-resource-not-found="true"
			location="classpath*:/application.properties,
          			  classpath*:/application.test.properties" />	
		
		<!-- Spring Simple连接池 -->
		<bean id="dataSource" class="org.springframework.jdbc.datasource.SimpleDriverDataSource">
			<property name="driverClass" value="${jdbc.driver}" />
			<property name="url" value="${jdbc.url}" />
			<property name="username" value="${jdbc.username}" />
			<property name="password" value="${jdbc.password}" />
		</bean>

		<!-- 初始化数据表结构 与默认数据-->
		<jdbc:initialize-database data-source="dataSource" ignore-failures="ALL">
			<jdbc:script location="classpath:sql/mysql/schema.sql" />
			<jdbc:script location="classpath:data/mysql/import-data.sql" encoding="UTF-8"/>
		</jdbc:initialize-database>
	</beans>
</beans>